PropertyID,SaleDollarCnt
48735321,2219639
48735471,810734
49128764,536272
48897535,440362
49083957,1073667
48735139,480537
49050509,380613
48779919,753174
48938810,402640
48764026,459502
48800998,524378
48938840,447751
48708330,380027
48938842,378350
48938860,428718
48999322,352058
48995218,602581
48708194,463312
48708200,530547
48708248,452329
48708239,459508
48999427,408379
48999374,484791
48991139,411655
48991282,419164
48991465,390181
48991525,360928
48991316,396905
48991354,408785
48830311,481205
48995430,437251
48975563,510193
48830343,386548
48775590,437122
48757761,387825
48757750,444397
48995542,472662
49091102,374067
48997093,364001
48985565,389473
48996857,351625
48996733,368237
89821776,394435
48997089,451505
48996766,393582
48996772,366369
48996843,358520
48695718,386644
48950367,445836
48688235,424124
48688220,404814
48798580,559828
48757434,417873
48790414,396633
48790370,462537
48955685,617886
48984304,538435
49030833,442988
48984422,417911
48807570,672585
48790990,826299
48807509,668932
48798574,726409
48807566,570504
48798518,606065
48815303,723610
48815292,813004
48936856,496811
48707466,612784
48789908,533733
48995333,425618
48985534,386254
48843291,544340
48843261,2184846
48994561,557960
84757140,322705
48815281,388074
49103656,399547
48875759,387669
63266265,663836
48830068,501574
48829948,478106
49054071,375508
49007579,421086
49007630,545965
49007566,403598
117747793,781456
49103465,385040
49103215,779860
49103266,547454
49103560,541810
48919063,419166
48821791,502458
48919259,696641
48919208,454414
49103371,606381
49103074,758524
48690369,429897
96705208,939821
49034404,916328
48829986,451387
49109589,548443
48688285,449775
49146310,329454
48810363,592481
48810202,772944
48969368,555423
48947013,530032
48969371,473000
48947215,513709
48947370,542651
48820276,483034
48710141,480689
48947030,646213
48961987,450059
48961994,694165
48947427,545084
48838058,449272
48989076,473622
48933371,416986
48988928,521958
48790432,455531
48984844,347105
48984857,377850
48984854,399617
96660623,797185
84760654,634128
48847154,433540
48665291,433882
49109711,624559
48886731,658289
49109938,413102
48718928,445484
49047064,414119
48875295,686585
48985919,529477
48693405,560898
48693403,603715
48885603,923790
49115522,595225
48878641,755351
48983789,814431
48983693,506481
48983772,890923
48983811,606641
48878723,889492
48673214,802712
48789651,589507
48983660,818127
48939444,1251636
49115408,678540
48693441,1566518
48677458,624478
48885812,1142642
48677479,1628091
48693665,1363213
48677489,1185465
48991732,838260
48991896,1122930
48991836,819333
48991749,652915
48677645,605805
48677581,1448420
48991792,714280
48859388,545314
48697307,585550
48805441,447920
48836467,511830
48984906,364505
48835840,427795
48984895,445064
48835597,440670
48885821,569298
48885610,513071
48885629,529745
49060145,514603
48885666,386559
48905990,406819
49114851,577806
48766530,464651
48977270,398828
49122851,453150
111705865,548444
48847014,701021
48853455,407222
48853451,390391
48945996,562723
48946079,478719
48945642,534631
48946019,501905
49076278,698956
48853502,527310
48853330,585400
48772417,417406
49076193,566350
49076197,519629
48936683,651111
48946361,593169
48946593,721027
48946809,541460
48946225,484425
48946395,486848
48855491,432095
49076586,441492
49076446,619541
48945865,550849
48945760,618494
48945929,568768
48946068,642915
48957536,999692
49144494,562632
49144487,471383
49144503,595325
48972343,657992
48946295,446812
48946460,791087
49135159,660824
48918722,659794
48960527,694382
48918750,592451
49135170,457227
49011107,595358
49010907,523982
48672143,552091
48873701,913603
48944122,901863
48944116,548841
48952722,463747
48952729,794175
48884321,1160957
49044285,905051
49044466,834596
48786430,481075
49119615,482385
48786419,492697
48786420,703462
48786441,604275
49074088,637967
49119438,609864
49119484,665624
49119582,447370
49119458,785871
49006073,555697
49019425,622262
49019607,427279
48849383,433815
48849232,615771
48849472,708496
48849218,662387
48671860,654927
48849248,607482
48849310,478666
48649442,668102
48649425,538690
49019698,446292
49027470,628997
48833569,609928
49143438,622854
49009251,1197559
49143384,698893
48887179,582399
48675901,536433
49044499,659048
123727122,913519
48985350,630648
48800373,499549
48889484,617302
48832751,609321
49008481,1057429
48833189,543616
48776585,911518
48776583,642451
49137193,538847
49131993,567769
48925278,509275
48893802,493637
49003705,526153
48893704,1127908
48868954,1074754
48868968,636921
48868634,593000
48893863,681365
48868637,512801
48869003,642034
48680832,531925
54830119,1013677
48869103,581140
48996104,606173
48995752,447953
48836233,547514
48836257,503287
48836325,464557
48836028,608588
48836031,531109
48836352,578243
48836034,1098207
48772613,796699
48655131,611325
48747978,508891
48655126,647539
48772641,1600017
49042026,494988
49042042,570152
49042151,468170
49041948,489108
49041963,678678
48926710,643539
49042086,601899
49042148,503864
48837016,646096
48673149,501165
48837087,914143
48837031,623914
48837101,569868
48676723,606017
48676701,624379
48795092,609857
48672721,1120518
49131461,619506
48877050,631716
48877051,524547
48931376,529281
48877044,549933
48672920,504290
48673019,654018
49041426,546690
49041305,489039
49041430,879794
48976701,577765
48940011,537991
48976838,587467
48976496,618797
48976683,575867
48939612,563225
48939789,658307
48939644,490067
48939657,590038
48939954,497192
49041465,592402
49041643,529119
48717482,622620
49041665,521664
48831636,638082
48831735,582985
48831680,664008
48717590,721976
48717578,593005
48712071,765584
48830889,532660
48830731,524039
48830717,569745
48823262,693463
48710711,562185
49045187,733369
49045140,659530
49012874,1450527
48710645,1096428
49045234,625445
48990890,528501
48888376,718966
48888220,608289
48888259,598320
48775886,523877
48775977,563352
48843601,567537
48672478,623711
67412769,638302
48699166,745789
48672434,473093
48822911,582876
67686191,872303
49041773,1263209
49041782,616267
48824527,607452
48824426,714418
49125939,589887
49125941,702213
49125940,669573
48832774,622084
48832767,568497
48823807,619974
48776112,562647
49140231,750868
49140399,542985
121902306,1033648
49115252,709171
49119897,508085
49119885,607881
48868226,737387
48717757,1511425
48717856,600951
48717842,569427
49036315,611094
49036390,1850174
49036391,1585261
49036355,708939
49036259,837807
48671003,550273
48670990,611158
49110869,786968
48973154,644749
48895372,594113
48658936,743991
49110772,1067875
48671738,703232
48671619,826925
49110275,778998
49126946,544123
49126926,929900
49110416,973885
49110196,1565052
49110406,790456
48851361,595763
49135818,2854364
48685498,1432846
48970289,696781
49136001,2398662
49135968,1081821
48840208,847662
48707610,3408781
48998433,1516814
63336798,2359514
48928642,1330411
48928859,1801921
48957740,1702495
48929553,1603037
48701133,873092
48957733,831331
48929532,1524306
48928999,1456731
48928899,2467180
48929310,2199596
48848747,1778714
48848563,1557596
48848513,1489953
48848472,1238591
48707626,886820
48990020,1435180
49073897,791995
48799269,513666
48799314,1069726
49102499,624258
49102407,594716
49104548,901364
54623856,960191
48765054,593694
48765393,613830
48765271,733962
49117634,677744
48765219,571234
48695998,529022
49090943,811683
48759578,1129573
48759556,612279
48748563,520035
48768773,547619
48898358,852218
48898439,549093
48898159,537291
49143952,721584
49143958,547447
49143924,745745
49143910,642698
49114984,619764
49144151,724903
49140028,687596
48898657,599839
49114926,705655
49127526,601490
49074855,610978
49074879,638041
48772208,707503
48772009,539047
48656799,828182
48772107,488537
49139561,897082
48769189,561393
48769036,606427
49084510,596362
49011708,653999
48920279,526188
48919358,711105
48674150,814920
48919531,1867419
48674339,747056
49116420,742616
48674248,536290
48919924,804622
48919942,596475
48919693,898637
49116275,661806
48919876,704871
48847555,690810
49102766,721517
49102747,751588
95065947,377190
48789484,589531
48789375,568740
48920153,471318
48693904,623712
49110910,613123
48854079,944290
48943315,548385
48693980,545294
48942847,1043807
48906504,1883615
48855667,1197461
48855610,832961
48906489,1213125
48727137,1566091
48855544,1533196
48726921,1099964
48726462,1258480
48726969,775126
48726824,951637
48726878,881716
48727027,590008
48702895,1036971
48727062,810793
48942772,799957
48880392,659359
48774197,839738
48880378,737807
48825834,1577445
48677326,1770533
48677339,829621
48711672,609773
48711739,691383
48677745,1050443
49084269,768598
49084204,564886
49009450,556068
49009929,571294
49009484,564244
49009832,584654
49009510,655866
49009478,539380
49014389,1163408
48700922,1220150
49009427,544878
49009400,522081
49013230,679181
48824880,636249
48824797,529486
49013165,539832
49014409,1346773
48663296,918055
48824733,660920
48853867,694182
48825813,562848
49037742,956191
49037701,680836
48822561,667527
49012712,929566
49012688,1041925
49014974,878328
48825185,822324
49064170,832388
49014773,731134
48698177,1121803
49014788,1169066
48698215,1063304
48768905,791484
48749870,831981
48879023,1322357
48957212,1119038
48818713,898757
49009096,975217
48818606,842335
49009102,1045477
48771306,985162
48771333,1560410
48771167,868424
48766465,897994
48883785,749479
49101791,1186429
48849700,732568
49098544,745383
49098570,697469
49101829,925566
48970222,1023165
49098623,703333
48782205,1226328
48782232,1090633
48937097,1374591
48956327,1518446
48956371,2853787
48706584,2646203
49116938,2067274
48706430,1748916
48706599,3255652
49116908,1718793
48706374,3514330
48849643,1089140
48941156,916479
48725236,1675635
48725091,1148985
48725066,2498148
48725053,1837397
48785450,1040171
48725141,1579745
48724913,903517
48724970,1123566
48782466,582828
49004932,1216028
48981704,621340
48749376,879428
48766336,1352279
48689939,700676
48758449,835709
48930623,781697
48795684,857841
48795459,1471481
48795595,952502
48795667,665744
48795608,1273399
48764280,1275370
48764278,699252
48930504,1135398
48930546,1292854
48753423,2299284
48986590,728252
48986636,1485291
49014666,691430
49014627,1008683
49014623,656797
49014502,614067
48963562,779292
48976094,665359
48976103,1078906
48941011,844816
79977140,1154977
49147027,634338
49147261,606692
49118880,591380
49147028,554918
48941733,603373
49024142,483768
49147503,1178421
49147595,1047601
48956495,1487880
49147574,1273912
48667952,659650
48849570,915007
48667971,797749
48932057,1790786
48729676,730471
48957269,858424
48652016,755505
119907456,1584808
49113935,852942
48757026,875874
48997376,1856438
48997419,1183644
48757049,1087656
117650125,1684136
49025713,1026249
63510218,617125
48789071,652946
49114822,554998
48789187,659910
49044635,422923
49114730,549869
49071169,738969
49148344,462311
49010501,499050
48674616,674818
49148346,1300894
49024160,1085733
122181677,1180689
49131024,760548
49131067,532535
49010642,640291
48742754,780842
48649410,513472
49146374,639201
89824213,582910
48717411,1809161
48691244,1448917
49072140,417175
48670669,521985
48727961,388604
48800098,424778
48861189,541105
96660095,694002
48861280,439131
48737181,639737
48677274,699201
48906651,479985
49099214,525724
49016330,446422
49114349,436308
48959503,565497
70578114,973448
49004844,569536
49004839,659264
48682784,976915
48700711,1894201
48717367,1083779
49082641,548852
49012995,614566
49012994,565216
48974175,1396054
48974133,1625620
48973760,550508
48973977,862006
49147851,1118302
48973623,558529
49124519,791409
49124360,604864
49115739,506369
49124518,823802
49115706,511214
49124321,398675
49124062,389593
49125112,699740
49124977,606856
49124943,686841
49125012,742382
49124182,549845
49123785,1192462
48899172,1358793
49123877,939115
48659118,751883
48990679,566952
48990657,569684
48840560,1660054
48659086,800070
88027603,637635
48990779,865759
48656523,1149215
48739806,746589
48990745,639604
49124792,1162598
48737519,508038
48941074,510841
49124651,563411
48941098,510318
48840735,749507
48795196,532603
88014724,687140
48795120,573435
48795285,662770
48877019,467420
48795268,631857
48795355,501006
49115921,507194
48992050,518317
49124693,740697
49124818,590849
48656163,482959
48877416,497851
49124700,629091
48858276,525604
48877392,603176
48941123,523507
50219428,764986
48692636,571926
48876988,621034
49129577,713366
48966165,789804
49129566,2136281
48934102,603234
49046778,528078
48934106,882730
48791312,997911
48840708,558830
49125567,611406
49046720,671422
48697700,751167
48697464,983983
48697518,621272
49046732,979915
49125669,820921
48840780,692902
49064263,894778
49127022,871600
48722634,633280
49074962,645618
84758020,723503
49074980,953081
49127194,611580
49064885,440599
96679744,729425
48755607,334339
49044764,607262
48755992,398680
48755924,503482
49127164,463366
61719430,863516
48844733,349189
48973080,343998
72498665,556253
48887844,467565
48844588,497893
48844603,1520550
48844600,486216
48821983,386820
48745058,645498
48955922,440662
48954118,604530
48954243,590728
48954041,841961
49071593,419530
48745320,433774
48745337,457501
48746807,338134
49118327,474161
96667215,545542
48746840,318745
96706078,913127
49071433,584295
49083133,1045595
49071444,376146
49147962,387410
48998606,1062923
48925994,470673
48954452,737935
48954570,1346984
48714286,856301
48998608,590401
49105131,595710
49105175,843549
49105107,761962
49105086,738505
48863551,514241
48863518,347855
48921405,361545
71002466,550243
48847995,668920
48955589,387494
48863434,583797
48863386,361045
48954042,469740
48750372,474944
48750355,389060
122963324,647836
48863648,377465
49082675,593226
48863041,345179
48863206,326222
48863355,262175
48794070,367325
48794045,305005
48750176,312629
48750123,358118
48750012,1208158
48905808,443869
48926846,440384
48818850,309582
48926912,469000
48926685,560260
49063316,382606
49063654,403207
60973559,684801
49045086,424531
48953817,501308
48678852,601427
48829451,314428
49097653,407082
48953831,363812
48949874,396334
48983505,317505
48983468,426711
48983480,703390
48854451,502263
49047977,522330
48844947,433689
48792607,511230
49048202,520978
49070086,622964
49048222,451301
49046866,407602
48870643,392603
48903256,502441
48651335,570962
48651478,509217
48651475,556572
48899389,487666
48651412,517621
48800251,526619
48692036,551846
48820378,605584
61766214,543994
48933764,560738
49048684,574997
62944487,614707
48933616,455388
49048781,449083
49049828,575737
49049824,1488685
49069809,966503
49069906,823964
49133954,486303
49069728,770508
49133933,526097
49048342,430979
49048592,553821
48874888,361673
48755904,269931
48874923,336640
49123377,372175
49083672,431469
79980549,639306
70578742,334452
48856950,349397
96697390,558631
48778175,276772
49091472,383965
48778172,380291
48777697,329060
66649303,348475
48780957,387380
49091475,278819
79977142,699352
96687640,719105
48874337,415301
48874575,407490
48755562,376005
48755967,367199
48755534,396558
48755799,289770
48755968,344945
80116394,650005
48822107,374764
48822275,356351
96691459,477607
48863928,960402
49032936,321485
48821243,415516
49033103,340777
48871126,368202
48943604,333991
49063738,421968
48705478,370931
48705531,484871
48705607,312111
48821236,280327
48821270,437109
48880001,372603
48733670,296531
48894664,402642
48894672,389512
48863964,386814
49147715,372101
49147663,399850
48705400,586583
48705435,447579
48733603,263543
96652506,422338
48705675,337475
48705690,350445
122181563,782162
48798995,252651
49065281,230750
49065584,261386
49065077,277142
49065106,280786
49065105,228160
48798991,188182
70578933,314738
49065441,271672
49065372,292234
49065303,307585
49073110,914386
49073153,413087
48846819,310257
48846826,364507
48859025,351980
49055488,328241
49073232,392604
49073268,592235
48777895,404212
48777974,449530
49073207,311429
49073289,489013
49073215,348560
48777843,396556
48778010,372993
48777834,394621
48870710,355391
48967700,307557
48932836,283153
66649071,540131
48932643,280431
48932845,326399
48932837,283105
48932682,272068
48936547,275369
48936585,394092
49067570,379470
48940809,279862
48940821,297983
49130194,364783
49037867,301022
48885210,347086
48936085,332754
48936102,364286
48936213,468054
49084481,386085
48885230,350689
48936201,369327
48936072,463511
48936184,311275
49086252,318656
80261419,730695
49148516,444784
48804812,490181
48936497,342549
48936289,397410
48936504,352340
48757102,474896
49148471,418202
49086241,342172
48934025,768723
48933857,646511
48933835,605656
48934075,582793
48934065,592067
48933829,652622
49120466,486833
49120546,400954
48840851,822962
48840867,678826
49120520,605453
48804692,700319
48840827,731601
48840924,474986
48805188,736863
48650363,919797
48804221,579475
48805184,647708
48757160,443596
48805194,512399
66648987,1112535
48804223,556622
48814132,503243
48766310,503953
48804929,390487
48812804,576845
48737769,503222
48737744,516440
48830925,618583
48933638,490419
67682376,593547
49120381,565830
48934274,515675
48878430,573306
48779566,377300
48649320,342650
48678959,270454
49067483,350755
49082299,338616
49067453,250494
48830586,365254
48678988,260715
49027493,326800
49117244,376750
49078215,323870
49012473,680483
49016715,507379
48659788,571347
49016923,423327
48765883,276787
48765901,319657
48935861,247102
49017050,251334
66649806,392393
48669110,444659
48864051,357682
49052994,381609
49016436,580892
49017211,451045
49016428,347345
48765869,492400
49016453,380531
48918075,336208
48901427,405612
48707280,284819
96654937,442544
48839998,316547
48668692,359057
48668668,368315
48867011,289562
48866479,613111
48866578,343481
48866992,300266
49017289,330519
49038049,393222
49138324,323350
48799726,288615
48766400,375666
48799680,375237
48799689,360283
49130434,498988
48834703,317780
48830914,493573
48662126,465234
48812768,466411
48650457,419431
48846764,437328
49128470,778779
96701319,765965
48664096,574765
48755146,454448
49015702,384134
48989878,417119
48654709,337140
49028822,1404979
49028871,582982
49028884,538235
49028843,606534
49028921,919085
49028205,2068294
49028442,645685
48688767,519033
89821184,1001200
48660371,543648
49035435,754281
48660597,1430479
48818226,390014
49090474,432471
48655328,424360
48966811,426424
48859989,509364
48988353,454698
49087352,413390
49028775,523859
49001731,775775
49035134,530511
48655505,479787
48655459,473033
48655355,397058
48975621,439525
49076176,621585
49000452,478076
48703254,370085
48703318,342627
48703314,359622
49056117,412749
49056104,419250
48788648,388557
48703274,383595
48955735,435912
49028660,439032
48906952,373173
48906922,605240
48987532,463646
63510171,325444
49131393,394901
49036509,590074
48910862,453938
48985785,975825
49106924,407277
48912104,456385
49054366,477626
48667360,488604
48778538,478757
49054359,466351
48907359,413759
48911382,491450
48969645,391614
48969581,412268
48808474,392274
48808484,410544
48669228,502273
48696701,358224
49018873,352806
48983857,319078
48986046,350382
48983845,358352
48808801,426958
48787875,453216
48869455,356414
48998041,400046
48869470,372741
48984111,466424
48705957,443280
49030606,351432
48975778,373872
49030662,423768
48887236,474190
48964835,406371
48888561,429000
48844278,381649
48954798,413014
48687115,425060
49028960,376959
48987996,469574
49004596,391921
49105701,451625
48662753,536347
49028545,358240
49113334,431118
49040494,458832
48843442,510047
48713935,389728
48883388,874880
48987836,2059544
48883097,699853
48883556,996594
48883107,857841
48883089,965002
48843421,621996
48883399,999348
48883237,751056
48655514,594222
48762082,377490
48762060,477413
49115380,440687
49115346,384962
48723010,442361
49127431,357332
48762150,390533
79977214,647812
49138788,572199
49127401,378026
48722999,427177
48860463,2923720
48857824,488221
48859266,542351
48860446,2394916
48859262,514571
49056726,864024
49029969,419902
48669275,335644
48777542,407382
48822647,463223
48832995,448055
49003020,404352
48669371,354248
48669362,489871
48669285,379479
48669328,341843
48754583,368753
48938335,336008
48762308,442354
48938343,538038
48668907,373033
48762107,349997
49030411,405056
48874182,443961
48874063,323130
49030405,385978
48874092,351489
48874130,425991
49030198,359442
48873867,359498
48927201,370263
49003986,401448
48809147,359737
49005118,913394
48744277,1796408
49055000,2346241
48744259,905971
49005221,874623
48744183,358866
48744165,359814
49074287,533853
48908686,729773
49055242,544016
48709798,642213
48709746,908910
48701553,834699
48911614,412763
48908592,442277
48740328,618776
49055204,488454
49055077,552029
48967525,539819
48911517,356994
48910944,452097
48911193,504054
48910345,627531
48909832,460607
48876554,598958
48910364,531057
49126245,480645
48909891,468908
48924334,500493
48924417,952093
49104769,548254
96691880,675290
49104684,609593
49104647,587113
48938146,494267
48687491,597974
49104669,554537
48909948,531336
48910187,1455047
48938121,726275
48909983,596867
48822825,495494
48822823,446588
48987272,468755
48809057,386888
48911837,453651
48809086,445848
48895581,534149
48660623,454476
84759100,642901
48987286,393494
48987322,597093
48895123,430611
48895255,519881
48655716,428467
49012306,593988
48895305,454170
48924274,543887
96696507,704333
61854542,596324
48655663,433842
49127008,541973
61767798,952664
62944900,556766
48655646,698841
89211007,494035
84756179,545639
48653398,451083
117745892,604107
54830620,448034
84759599,509150
80260324,535153
60165966,439703
61766673,562859
48840398,354706
49081777,416551
48972241,409358
49001910,414197
48972244,409121
58383585,617118
49008015,545611
49145462,586651
49145470,610194
48671431,446843
67684474,729032
49115552,384192
63200304,541170
49120202,343459
80259551,608388
80261618,717865
67405633,682037
48828064,401659
48780975,430782
48788893,416802
48687337,432386
48664581,539857
48664586,525489
48681233,526535
49138058,399375
49138064,403432
48698082,437181
48954952,509375
48954899,425533
48983924,573216
48983928,636096
48954898,477587
48955164,462732
49052170,595709
48687479,405738
48692130,511514
48967109,441605
48676141,362584
48676247,518825
49060208,445216
48812475,457551
48812487,416416
48849988,442974
48762961,439904
49004393,569380
48857213,522532
48899889,560973
48857176,461094
48899987,604498
119638341,696493
119638357,777925
48788340,563448
49104877,421293
48816579,825774
119637709,857066
49104887,493041
49105009,358581
49111668,443167
48960168,520446
49104932,398908
49104855,359227
48809163,439244
48809541,449453
48809528,521625
48780102,944839
48809418,450213
48809192,433218
60973229,612175
48809225,492854
48809322,536324
48888748,478246
122183359,703919
48895746,542775
48857449,481176
49015373,404956
49015247,434967
48857429,470543
49095791,482146
48742449,495947
123727006,662580
49095777,496218
49015378,465880
48814022,434420
63337379,535387
80118180,549597
49135648,529896
48901065,363879
63068237,566656
80121309,543905
48662390,502298
48900995,360823
48901005,492597
48900157,671561
48900148,533241
48780065,1252734
48900338,407533
48900393,435644
49136551,433937
48727502,417864
48988546,460298
48727517,417124
48727562,434208
48727563,414982
49136500,454683
48762338,656550
48704607,610859
48704622,672359
48704485,564249
48988495,586557
49033203,550516
49045684,791197
48988602,517142
48988422,568153
49136862,475218
48851247,415858
48851204,442868
49136671,431348
48851237,390702
48891492,412515
49085922,414739
48793842,509739
49057633,457032
48699555,535571
48892787,360550
49071848,369151
49071933,457768
49000399,441925
48732896,515130
48732908,477895
48732911,504922
49120643,467261
48838104,502063
48891677,421517
48891786,632574
72498216,742427
96697464,724694
48997568,548822
48971439,431134
48882046,526431
48723046,899580
48882484,446773
48955622,669477
49098456,475930
48663893,1450685
49098438,508225
48955673,1066818
48886842,481169
48886896,471049
48886922,394714
48850636,389967
48850655,416389
49098367,496550
48731348,726195
48999933,528179
48658234,460772
49105884,771606
123727044,579333
48658272,639192
48969279,570382
48969280,397365
80127520,688967
89208041,525523
48971306,450397
48726233,420268
48971296,454286
48688543,465470
82364922,647704
48881102,460259
48881099,418974
48881092,513997
48881731,442297
48882955,451201
48668753,420883
48768570,883114
48668759,412492
48668799,424030
48668774,432516
48808163,505111
48808190,447474
48882345,398781
48882378,394321
118556841,775279
48892933,466593
48850697,418024
49116847,396346
49094940,503323
49094937,497117
49095018,485070
48708976,419402
48708980,468917
48790725,464727
48834904,406958
48949984,400053
48834891,375619
49095033,536679
48790749,416982
48892138,464369
48892103,381461
48830597,534398
48842650,672352
48808207,496274
48790785,600020
48830595,584328
48808222,498370
48989117,531599
48980916,568456
49044521,544383
88875372,960527
58384509,627145
48855170,801662
48892171,776175
96651956,1080155
48920642,919888
49096800,546379
48902896,417745
48952965,531097
121902281,1033921
48715938,593818
48716201,614806
48681978,579475
48716094,696812
48715920,894454
80114433,905837
48716260,831282
48902775,543420
48716472,1065585
48716456,726354
48716355,1577479
48902563,935475
82364921,1230986
48903062,1121347
69803971,617111
48901880,1209952
48901770,1432207
48901876,519136
48902280,738834
48901982,1792073
48901840,1103296
96645804,1731614
48901835,1833273
48693234,1736016
48901899,1221506
48902479,518234
96646366,997085
48714899,1180653
48716783,923862
48903279,573678
48789847,481313
48811660,666311
48862269,686165
48789855,480589
48858100,712913
48892687,584988
122963070,1320549
48811624,494081
49000078,503556
48715462,397114
48805396,380843
48750851,1204382
48750850,1026490
49130399,475428
49064959,1178414
48754004,571920
48862301,625942
48940285,666187
48994303,582507
54274944,787910
48810056,453536
49096856,935815
48797386,552525
48810057,475492
123149888,790101
49005034,816916
48862228,540842
49116218,561700
123153761,871384
48902704,389573
48715307,741271
48902711,435517
123726600,888933
49036887,503265
48715245,417245
48714777,321664
48714705,350745
49036846,385548
48903034,1019662
122963328,729668
123152136,1061339
48899096,610017
49037396,599429
48696270,467244
48927207,597423
48696167,1045402
48715106,676391
123144138,1019725
48808407,621004
48715701,732721
49084131,696172
48667304,408061
89208532,901891
96652254,808238
49134575,790325
48667256,602552
96660406,832418
96657770,612159
49077690,614948
49138854,518357
49077715,447434
49077734,612953
49088055,690417
49088127,484048
49077749,517383
49088079,489191
48667259,524155
49088189,519082
48701228,617502
48972711,606001
49037452,400345
48715147,622627
49088088,627088
48706105,532787
48706099,523929
48706112,617022
49054545,669412
48925432,1340469
49069043,1186531
48925490,661226
48716671,828912
49145641,2382720
49145639,2305013
49002058,1101290
48921043,703496
48921073,768737
48808101,712904
48921097,721533
48921100,742570
48752313,806179
48798945,637578
49045446,926688
49142663,1292255
48921085,660669
48696180,698401
48696184,466419
48696332,864648
96664635,1288091
48902787,800234
48920749,753744
49068686,680019
48704031,560708
49054635,854061
49096501,764677
48702584,836909
48733789,1612782
48990249,961275
49096514,933836
48788061,1150967
48788180,2095887
48740097,1160082
48704360,862876
48704359,792733
84760793,778070
48995571,777170
49080907,614860
48961191,509238
48901658,543281
48961301,531782
48762488,517291
48959849,599129
48961224,558771
48762614,565127
49020085,630843
108802654,1750882
48656637,893168
48757566,971205
48733494,794716
49012256,866668
48952320,796711
65228323,929357
48797803,951355
48797798,859508
49055532,561952
48662883,530543
48662802,532353
48684206,554744
48938163,616119
49128995,594356
49129051,871639
49144700,574924
48847780,470269
48739725,661982
49022239,760134
48739715,766869
48702042,700483
48936832,654706
48827467,738481
48701970,659929
49043879,759093
122962682,1260663
48701933,650791
122962958,1288988
122963229,1210712
48701951,614402
48847796,542379
48847803,1223227
48768259,768528
49088921,728666
49088966,651135
49037112,954913
49088757,1449969
49088975,806511
48885482,1494766
48856150,640583
48807165,516505
48856149,568846
48684004,709749
48856225,495320
48856207,583359
48683874,538957
48683975,629894
48683993,544644
48663035,497229
49000803,653359
48684024,710262
48858539,414666
48663010,633941
48943757,565245
49129135,771188
49088615,534735
48702761,638768
49088823,1100256
48914145,700484
48858484,768903
48858328,427875
48914012,523071
49068750,863987
49035050,816693
48913011,771423
48914643,876286
49043365,861385
48858206,891036
48649533,526061
48743473,537586
48743478,596393
48913471,505446
48861020,1221686
48660007,922475
48654978,834852
49035081,725926
49035099,557073
48912750,527940
48912790,465712
48912651,519092
48914349,499482
48914481,556888
48913612,584063
48913624,521483
48914555,492305
48913287,487890
48913292,608495
48912551,474238
66650144,1019589
68474300,1430648
49035205,567083
48682321,561071
49069170,599590
49105499,639803
49005577,426856
48815676,973690
48851291,653385
48770025,556690
48815657,767378
49005665,501744
49068847,532374
49068941,528932
48817622,740984
49068697,521955
48713635,1230185
49068885,671076
49118618,627380
49092670,727686
48962061,557735
49117893,503935
48962119,556521
49142435,728580
49141744,934111
49142150,1039746
49141900,701838
49141910,764845
49046090,835176
49144988,813130
48944476,440526
48944500,690993
48920994,761110
49142046,889640
49141948,888019
49023852,755436
49141959,1130649
49142093,890062
49142097,813877
48685292,566603
48854784,665767
48793740,881310
48854734,785801
48793499,750148
48710073,791131
48821566,663962
48827621,621282
48927042,739232
49035366,783813
48873472,2276738
48873397,1157967
48873400,612339
48914852,571216
49095062,606647
48873353,461460
48806872,617172
48785045,533103
48753707,606786
49135675,932966
49059588,657414
49059496,685021
49141650,757552
122182398,885189
48932925,661303
48932911,656484
49129289,815397
48987622,677775
48742086,657088
48753237,1071737
48975943,493417
49086128,769525
49086086,769826
48798476,1665603
48798481,1240414
48702203,712960
48966657,1037732
48898707,2601390
48898778,1031055
49078661,799134
48898787,941906
49078656,2794994
84757434,1300437
48799536,1468001
49014113,1665279
48799602,711103
49001937,1496106
49031488,824343
48681583,921814
48978423,1468484
48978321,1299382
48978345,1276978
48978403,1774902
48661525,651127
48661546,1826726
48837728,1418684
48684403,818420
48870756,966695
48727760,1174232
48775800,3743298
49141344,2514708
49141306,910593
49141293,955676
49080663,1463006
49141296,1727642
49000249,2157705
49080843,1092022
48921656,1222036
49141244,2309839
48944543,606469
49113473,2174477
49113514,3177559
48937504,1381608
49113354,1408312
49113444,1347786
49113505,1180828
48937472,1419854
49095561,1372968
48972633,1349767
49145591,1667614
48879969,1861323
48879989,974943
49134985,1730019
48879940,3662208
48921280,2817223
48742397,2541535
49080562,1058140
48742402,704022
48921324,1723814
49080604,1214943
49080685,1793216
49080677,1841533
48842421,990207
48748276,2276149
49127752,1899608
48842434,4191648
49125791,2120697
48964091,4007583
49127979,3990458
48842422,1527014
48855426,836032
48996653,1809079
48800937,1765170
48897760,3724259
48806991,4887741
48798355,2123903
48961876,1363645
48789307,2307499
48855380,2413397
48855451,1268618
96691178,2588851
48806967,2066673
49118830,1480822
48798338,2248843
48860694,1111710
48962444,1903105
48860687,1533636
48799420,5691333
48940223,781170
48963819,1815804
48718799,815546
48718802,1188777
48736961,981009
48782984,614663
48782826,734379
48782924,746613
48963083,1302457
48941984,732278
49046993,922360
48650224,780846
48650943,1071971
48963423,1029316
48782356,1377948
48964028,1003082
48963378,796605
48761652,965382
48657217,1078677
49077917,886031
48962517,912582
49047369,1271648
48861091,1036746
49052978,844058
48966076,1788717
48781985,3599266
48854128,1345103
48839135,1003645
48963134,975072
48839126,1523190
48963189,951901
48830350,902851
48830353,1067229
49129251,1773677
48962712,913486
48886159,979377
70584641,2380773
48842161,2387545
49089262,1046660
48885041,1171182
48963286,851198
48666086,1177449
48940330,1014743
48811034,1938535
84758293,4214148
48842145,4050085
48774859,539121
48979113,454233
48980425,498745
48978823,686341
48978844,689650
48978845,560396
48978895,535963
48702804,524272
49136992,557721
48866084,488362
48866051,638987
49067667,440082
48866191,552529
49071740,559325
54831256,606039
49136966,494980
49030974,557026
96652959,758829
48979603,524617
48979595,546668
48978637,507031
48992270,444402
48829640,911933
48777030,577621
48921449,629276
48849757,485302
48921231,590383
48980700,659635
48865473,543504
48865455,488008
48865540,1179021
48784090,421140
48931595,518077
48784041,463048
67682304,968426
48783975,501162
48783995,414536
48785013,513789
48784459,498049
48784857,449736
48784802,516695
48970090,539353
48970107,448648
49063285,712502
49063151,755793
48876476,756182
49061967,1343256
49062276,1291027
49062398,903559
49062368,1139737
49062875,845109
49062017,871302
49062457,1418004
49128596,1087750
48814809,890554
49062975,902830
49128658,1134308
49062325,796291
48748778,1064779
48746907,664996
48785005,557750
48784919,525005
49088216,495572
49088252,621954
49053045,968130
48784931,512971
49053038,1174182
96705780,990984
48764040,1577147
48876351,728876
49129981,713042
48966693,730085
48977036,493262
49080128,938080
49129928,643702
48749340,662096
48813310,986979
48813333,1217854
49039402,1002219
49039398,447655
48876647,849419
48813314,1547758
48781215,768786
48876621,738632
48781221,758935
48812236,713639
48812181,682972
48812102,869412
48813724,1078810
48813483,823632
48814897,752640
48992861,574978
48992877,557246
48993053,787880
48992982,608332
48776712,534016
48980789,588992
48992832,688834
48776731,489862
48979408,534806
48979630,650817
48770355,535645
48770251,702984
48770380,526981
48770338,610109
48979367,676503
48979799,663377
49059029,787714
49058978,821899
49113801,770563
49113619,929103
49113616,1060738
49113618,867001
122181443,1107906
49113811,916016
48923855,874068
48970582,1010452
48970400,1150507
48970568,774377
48923878,1017601
48923939,1329859
48970524,946981
48924204,1807039
48924254,1972740
111705735,1276937
60913060,970851
84761723,971213
60972923,1090026
48967205,672675
49017648,1034324
48967237,721157
58381996,898312
49017639,712505
68476681,879668
58384719,954741
48960175,729669
48860115,1365324
65228089,728111
60973239,957887
65228507,796197
68474857,1155053
70579207,672249
68474864,1282819
60964029,717545
68474725,1082887
96684772,980089
96709779,799283
48933174,685543
48933147,741180
48876035,342156
48827031,402060
48827033,340021
48704729,428103
48953283,802819
54829163,466403
121902963,875055
65228548,512308
48682161,356931
70581847,522621
48875865,387904
96656202,515324
124435561,589982
48994403,427593
48743077,365860
48994413,387590
111038689,474029
48682068,380036
82364766,543578
59718628,667712
54831639,547317
70395662,673690
49130321,300903
49130351,321655
48822289,308639
84758670,618750
55474300,391159
54979505,389781
82365601,586827
96707203,538426
96650577,502475
54274982,389898
84758632,492418
49001588,437433
48865874,510352
48789035,341969
48865917,354333
92398172,304597
49019905,383621
68475107,491134
48865694,333108
70580009,476132
48856655,403589
80118871,630599
49025502,573297
48862564,367127
54051385,404409
54829182,447643
48657301,362289
117745618,512827
48657316,338473
67684809,530787
49057215,313757
48875910,606370
55837206,502887
48875947,537373
58382050,664338
48864990,439411
48864861,407228
48864910,360420
48865253,344386
48864894,470106
67683878,587354
48865184,752740
48886133,517787
112900006,756795
59698807,643398
48865049,618100
49024538,249609
49024572,305892
49024723,277111
49024740,258873
49024830,239637
49024785,253528
49027197,296182
49059360,290845
49112764,306581
48691329,356554
49136243,268397
49025237,283286
48846079,326829
49136301,309726
49027391,323852
49025024,246701
49024857,287569
49025157,257650
49025120,272021
49112251,328119
48702504,336316
48694310,321256
84760094,455761
48670139,285425
48671327,332819
48669780,291634
48806944,359579
48952120,350778
48850569,384818
61766850,398356
66654578,421366
60972417,358432
61766880,399084
60962828,391017
55529023,404095
67682890,381205
96710768,573072
48739252,339142
48739274,389150
70583845,594404
49013491,329636
89823882,374057
96683237,717516
48678595,292117
48703113,595215
48703376,387924
48703356,460384
48949380,350453
61719361,552513
48703145,398761
80259817,630073
84759610,653260
48703065,427751
48733761,303703
49134612,443199
60972508,504455
60963849,414471
48803693,387499
49105713,271623
49024241,379816
49035838,377861
49110027,479546
48947735,369797
49003691,396700
48947715,340569
48787491,289472
48708410,353542
48947695,368137
48947734,376884
48949463,293842
48802447,337614
48801941,323019
48800005,310830
48800047,326763
49092117,353421
49092193,349641
48732722,311169
48732082,230862
48732572,254263
48732429,235394
48732463,311219
48732229,259893
48730450,280206
49112950,265940
48731901,311239
48731943,314600
48732361,241715
48732013,310008
48730291,274620
48732649,300767
48732685,301734
48732653,284086
48730155,266791
48732021,363902
123726116,492324
123726212,452535
49026000,289714
123727463,453599
48801720,308024
48802662,327224
48801772,316124
48802493,353230
49091426,281864
48651773,267973
124439561,426261
48651732,298679
48651960,248278
48689718,257481
48651888,446992
49003341,332844
49036092,300474
48651788,360549
49035989,310553
49108801,368941
49108724,351391
49108662,313346
49137559,346871
49108777,370759
49108698,320075
68474708,482717
84761539,503333
49087530,326593
49026031,384021
48917844,503932
48917834,342359
48917938,389153
48918013,433956
48917757,645800
48917653,365505
48917585,268853
49125132,289671
48917486,319556
49125126,317194
48917460,450174
49050291,252411
48711171,390821
49046935,281662
48711176,297496
49050193,349426
49114462,482249
49059888,301640
49059682,296452
49059801,290993
48761334,423810
65228471,580855
48754069,390141
48849126,298291
48711095,225859
48711074,290262
48711016,278358
48711348,364716
48710841,351004
48931968,270752
48711111,253260
49074997,460413
54831199,355251
48781723,304320
49059115,371713
49051510,258752
49059114,365221
48840469,337308
54830953,387976
49057713,282299
54830963,328727
48990582,338315
49057711,303752
48782637,233727
48649097,195783
49027612,321142
48869343,312085
48869341,342207
48869333,380578
59698951,448365
48866358,334494
48656889,229597
48656855,246769
48866297,282467
48957412,345092
48670396,285822
48856512,478681
48827307,350366
96670947,396604
48827336,401136
48827284,293025
48796260,286971
48675566,342493
48834956,278547
122182063,398737
48689111,233827
48689126,225625
48989236,241008
49127883,304154
49086370,336052
49086430,324573
48989425,240740
48989370,336023
84761108,422174
49049651,326046
48877494,347380
48877495,344352
48713310,614712
96678354,666174
48713208,400751
48763255,381515
49011923,484946
48942508,359801
48989814,407487
49056513,502577
96696458,347567
48751124,314464
48751207,248788
48818155,259061
121851356,403905
121850263,405410
121850011,406797
48848174,307998
48680324,285686
48680290,326982
48893575,234474
48686682,316301
48990179,340920
49018552,354493
49066196,310789
49042281,355394
48868337,430595
48868556,320588
48698842,240345
48868304,268393
49076135,238358
49075807,309184
49076011,326826
48689654,288864
108825675,270186
123727408,380242
48689400,317424
48877448,290404
48662614,236221
49086168,261572
48695474,218348
48895853,272940
80120993,419404
49035652,289593
48695558,268119
49033570,310375
84761475,475945
54829870,379145
48687535,313697
49033761,222899
49107618,212484
49107472,298890
48981936,285687
48981887,351880
48980989,310762
48981089,239231
48981073,219161
48981023,288518
48776318,366771
48751937,249786
49075922,280491
48811412,326968
48751998,240428
48751815,356951
48822814,331901
48754649,308280
48751970,342396
48712178,327278
48686517,388505
48748678,328897
48743793,393636
48761120,287186
48668172,353229
48795876,253494
48651558,336999
48935211,253258
48931991,340885
48931977,340047
48935406,302526
48992385,313697
49056447,357509
48880051,408456
48880012,460542
48880026,355516
48880017,362492
48934923,269040
48934911,301264
49049397,544874
48935020,433612
48693151,366362
48826053,419037
48761046,466302
49108148,506861
49108120,462332
48761077,370255
49013826,622294
49108153,769795
49003644,418332
48740911,301304
48808608,335927
48805251,379462
48808618,294641
48852299,366219
48852300,346990
48797503,656488
96704650,547668
48797469,435111
48654227,1013618
48679720,261977
48685831,596930
48884932,407691
48745862,440517
48745837,555816
48797044,427554
48760545,511314
48679764,401498
48679700,640116
48797023,727216
80128047,612766
49045807,357821
48846363,857259
49045817,604589
48828368,525875
96697542,692785
48828386,469089
48828449,420420
48940684,401245
84759968,987851
48797537,417633
49081859,578044
48762412,592597
48932021,307581
48661313,421054
48982364,419404
48850079,286873
48766220,256471
48748649,256241
48712625,401715
48712131,296655
48712143,559076
48839495,264175
48839481,359955
48839673,247880
48839614,493203
48839685,563363
48839557,342789
48839683,464734
49148619,407727
48940605,406870
48767516,409157
48754699,337324
48754656,287294
48807829,331910
48992412,328337
48939315,236023
48650888,370493
49082556,338234
49009072,334035
49127613,286485
59698927,395303
48958808,286272
48958548,284186
48958577,318044
48958613,360387
48958559,274664
48958727,606445
49089359,247397
48958363,679458
48958312,265377
48958303,266858
48939024,220019
48958945,278930
48959314,341136
48959036,536355
60972579,442041
48699316,238473
49075556,225889
49018725,249022
49018678,336793
48934547,315572
48763116,318102
49018827,269354
49027588,529094
48693037,406030
48837362,310401
48852411,274951
48939279,216079
49144758,261475
48944445,337218
48983157,492439
48846535,471596
49065963,519418
48982735,502819
48982599,857548
96677634,754607
48982715,386876
48854123,410569
48982912,537581
48679150,388550
48982244,843090
48982194,362007
48982183,446227
48679257,540465
48841802,533906
48927789,536490
48944335,437517
48953765,257478
49067059,291237
49066932,281130
49067002,468177
49067026,600749
49067146,373721
49090377,321910
49067136,234135
48983414,254572
48983346,256672
48983297,290396
48983439,277357
48983240,284900
49066829,322886
49086945,331923
48983316,304396
49128512,375760
49066525,303883
49066509,245906
49066520,217630
49066526,299529
48838950,238811
49066488,357297
49066637,255944
49066443,281607
48773035,290109
49051277,265210
54830020,276375
49051332,237630
49051187,272748
49051132,212924
49086994,297424
48661128,405638
49091639,306474
48944707,257670
48934512,266184
48694946,233134
48773323,336728
49027851,301404
49091620,320164
49091569,337701
48967053,277918
48945320,279054
48745936,324210
48751343,311665
48773272,371183
48879814,265216
48879743,264323
48879653,237650
48879727,201310
48879689,244155
48809775,239788
48809804,278479
48879835,270126
48809873,214548
96690590,330802
48884211,257317
48696980,307004
48770482,261104
48745981,315656
48678514,315817
49042604,379903
49042500,210794
49042473,206494
49042385,244628
48742695,270607
49148144,270199
49148194,276544
48742634,248882
49148134,298628
49106764,221893
48834515,317327
48834459,392024
48834552,327636
48834449,359453
48834505,397726
49078421,316684
49078430,299024
48985169,224510
48985295,338881
48985226,267539
48985182,200821
48745096,342673
48745143,373005
48745597,238691
48951943,303905
84758883,374006
48893332,465435
48760645,239193
50125425,489990
48893336,475427
49021751,286215
48760691,370886
60972662,564099
96688535,557493
48852577,266290
48688106,278460
50125424,338821
48793455,330601
48944835,357692
49109660,248103
49109642,280512
48818122,385868
48818125,412963
48756973,385264
49112936,322465
48852558,211273
48852599,335887
48819863,282863
96666259,304467
80260478,455081
80259878,370158
48811795,347609
116543048,366827
48733527,378923
48733528,384288
48812035,565399
48872877,516872
48811827,348221
48698486,343382
48698444,338066
48698703,316415
49070418,351336
48743297,389853
49131749,332050
48743347,407893
48901712,267220
48743327,346311
48743304,364854
49069450,351374
48742787,345928
49002282,345045
61767207,361712
80112392,341500
80111972,287868
80119102,338504
67408665,339221
89823731,351622
80114355,357608
80124838,296722
67408666,323187
96693751,422395
67684159,364075
48940530,334702
122181194,442297
48971665,359624
48816208,310339
49035259,436515
48666313,306744
48896521,414023
48666247,336613
48801233,280851
49072005,317231
49039015,330572
111705707,510379
48801235,323639
121901888,414630
58385072,511396
58385092,518840
48992532,331095
48691053,290864
48691052,242993
58385090,502956
48969875,353925
49122568,378889
48687993,338306
48687906,274714
48813103,270215
49100756,324371
96691945,339765
49053248,327893
48826802,315545
48695093,392688
48826581,339673
48826544,265197
48826698,333428
48834320,326788
48695052,482201
49002784,303946
48826866,261400
48952571,398567
49079537,362369
96664365,383653
48989479,397581
48989476,418384
58386360,361966
48965667,332764
70583690,329035
48965646,317240
49079510,287233
70583333,338937
70583362,371430
48870277,285939
48751508,333017
48870268,272360
48870236,275736
70582015,359457
48704648,318460
80260507,360711
49000902,301955
48870376,220437
49108210,291036
48854004,317465
61718967,328007
48678018,367930
49075708,362067
48894941,332418
49052260,289777
49052351,268025
96703020,303269
49052292,321579
49005922,326077
48960019,259138
48896025,271016
48767174,311559
48786394,376235
96680118,531662
48724635,412635
117646351,401183
49086787,355247
49060357,281796
48687823,347965
48817274,228058
48774264,295080
48997866,288167
48748462,266555
60964091,341198
49098091,353003
54829840,382759
48772753,242535
48861565,370400
48772782,238895
55332131,536163
48880296,279093
48861643,361126
48896485,290590
48772665,289385
48896376,319203
80131047,418753
48849728,304166
48748515,361044
48748525,356903
96667697,367550
96675099,361868
96668304,414672
96701423,386497
96652623,397013
96675591,353537
96705266,370644
48728675,348546
96711649,369466
96710419,420284
96672093,445221
80120248,373727
96671284,477802
96682615,368157
48896253,287367
54829746,348712
62612987,272974
49029846,339779
96693543,408978
49081109,291886
68480865,433019
58629184,294747
96662896,388581
49081166,318087
49081182,315587
49081150,302141
96678252,388632
96706634,500440
48767082,236260
49077128,262600
48797050,313381
48767172,317567
48965965,292640
48767171,332557
49116674,285429
96683061,834001
48836681,698144
48848263,594238
80260862,371087
49116659,324473
48897307,318150
48829053,293571
48719417,327144
48816799,582659
48938166,366031
49021617,347481
48719931,336048
48820693,343488
48719903,299447
48897183,323110
48897209,331319
48719805,336773
48897198,318048
48897205,320627
49137578,339091
48820802,283964
48719501,342939
48897389,323363
48897469,341134
48959386,240004
48720420,304376
48900885,282595
48967828,262622
48967820,202146
48720226,216995
48900873,232041
68476308,491788
48861492,326641
63139548,261788
63200072,320802
48907521,265002
48967790,228190
48720303,301705
48720320,264204
48720636,284913
48665795,259936
49075230,312512
48720533,249043
49089067,295244
49075235,316259
48998650,289816
66651553,348001
48964135,246157
48862686,318360
66651522,500905
58391390,407852
58391345,393675
65227293,325920
48742183,286973
48720752,287344
49075275,372523
49075283,326702
58382816,283330
49101452,300520
48960091,283154
48799952,218427
48972301,254294
49067391,225778
49052096,281791
48862814,255296
48862806,274446
49001314,396725
48862855,273434
48664990,248550
48664815,336621
48664818,296067
49068085,230310
58579881,434435
123144145,493894
48649480,347742
49121400,476169
49121425,401126
48836651,395582
48943927,699045
49141473,329006
49141384,496016
49021424,295864
48850200,277353
48705854,251784
49013271,315855
49042631,325243
49042723,279296
49042361,271937
49042328,310036
49013243,327553
122183447,459331
122184655,469777
49051020,293883
48981961,243887
48706232,323865
49046458,328701
48855028,340225
48929695,272398
48929832,229691
49046586,267844
48929852,234801
49074717,304820
48669873,296802
49074538,255092
49051054,246014
49074694,269402
48887662,434628
49051063,222457
92426461,316019
48843491,236468
49074604,226178
48676440,288853
48694648,267962
48676392,405477
48676469,225529
48676418,317205
48950786,552467
48773866,375139
48793913,418301
48793878,287629
48949778,439539
48949775,472935
48793922,323826
48962011,377129
48764548,322993
48951839,396816
48950578,294499
48962026,622795
48951799,447057
48950574,365973
48674909,301076
49021092,305135
49013591,287165
49110837,319779
63510231,619455
48926487,294362
48951002,371933
48950329,435327
48950337,385315
48685696,275111
48685706,187546
48661467,292459
48968087,387634
48968174,210741
48968176,227425
48668853,228580
48757997,184343
48793952,230067
48668844,201849
48757861,188030
48856295,272749
48926624,253414
48796109,308021
48793123,234877
48682221,280612
48694491,248245
48694475,228435
59193903,339325
48938508,212973
48843909,307408
48938491,290970
122182222,476095
63562281,403226
48783287,225873
48709177,302669
48709198,316156
48841177,198904
48709184,317808
48709232,288613
48766093,255911
48766090,240200
48778269,329176
48778328,295274
48769496,277442
49100447,400707
49100405,315255
49100408,578501
49100609,298218
49100366,317864
48857021,245863
49119398,293214
49119411,310431
48766161,421886
49100954,311043
48766159,336135
48766063,307025
49076836,385671
49101249,267966
48766052,319230
49101339,320448
49101306,288470
49100812,307215
49099869,340698
49100207,306419
49100001,314034
48704831,294866
49101161,292862
49101158,294459
49101165,291764
48704807,209697
49101151,299867
48652819,301239
49121741,361047
49122253,430846
49122160,379352
49122007,309627
49122168,404973
49122436,360210
49122239,324447
49122268,358163
49122376,477281
49121593,329840
49121531,308405
49121865,308293
49121870,351995
49029533,445587
49029520,424893
49029539,412735
48942335,325461
49123579,237174
48942254,266919
49072049,236990
48942339,273402
48961676,255015
48942253,271358
49123583,287979
48961675,213626
48961079,234688
48961113,296525
48721623,314131
48961047,306535
48682532,355323
48682571,425575
48705050,274436
48652231,209526
48652246,249100
49111638,176719
48652237,227916
49142407,272189
49112519,291609
48652227,278050
48721194,315350
49099677,304375
48992646,292934
49099742,314668
48942534,246442
48827568,274424
48808876,279945
48838790,316685
49074156,267500
48721409,320888
48854974,220387
48721343,283486
48737647,269208
48737600,257489
48737613,255435
48794718,220608
65228363,351574
96660296,359850
48890753,204581
48891179,220150
48891007,274888
48890734,270419
48912292,413025
96699537,340378
84762972,401692
96649620,355658
48912233,321530
96668069,424645
96659981,448201
48915411,311707
48652105,347664
48652352,308751
48898892,291078
48789693,201007
58276687,313743
48789732,200366
49022587,296915
49022609,308505
49022602,343307
48900809,240784
48706201,254256
49022733,313868
60971970,331973
48891070,210488
65797490,290964
53164981,378975
48891149,285910
48891148,282606
48828577,285346
48890353,172323
48940422,294759
48940426,196296
48905337,154060
48940402,166110
108836810,267275
48983965,212790
48937940,222153
48864502,210859
48851476,279922
49034007,273986
48983604,198698
48834057,223108
48834071,274225
48834077,263957
48853129,258047
49045855,204379
48750879,233217
49032554,203956
49097754,152158
48760391,254486
48818946,265555
48753575,178441
51406965,313107
49089953,202202
49089947,186423
49069344,245539
48894143,236432
49033555,254408
49018511,226611
49018531,300505
49018499,218455
84759770,336823
49106163,211406
49106090,219124
49142550,308146
58384813,283862
48867241,243468
84758200,251546
62922616,254812
48867262,262869
96650030,298973
49122478,249775
59777460,339464
62944850,208523
62922830,316668
49130786,247023
48989524,321544
49081831,234950
48867590,226054
96683911,294639
48922673,315010
60963760,328873
48922572,333942
96681561,330324
48922648,319999
48922671,362482
48923119,280526
96712440,270333
48922770,314695
48922655,314832
96687145,290391
48861375,346257
96690429,270404
48923236,323911
48923211,359295
97782693,379638
48923115,257320
48922650,351443
48922999,317598
48923314,355841
48922836,378283
48922866,326016
48922850,477254
48743809,299651
48814408,213011
49033421,240874
49034165,271822
49034094,282820
49066111,238332
49034085,345162
49066103,195408
49034095,331655
48813382,275859
48665107,237577
117747400,381264
48814316,222435
48814215,214327
49059397,337964
48692928,342310
48877707,336092
49031653,1192242
48720971,242304
48887380,229082
48887338,239781
48816493,547531
49145521,426752
48816491,598550
48877849,341437
48872157,449276
48669640,571326
66648725,618139
48669638,481346
49017735,445343
48786062,254131
48997654,258269
48786159,235556
48997634,249088
48786106,284153
48907592,282239
48706927,413311
80126066,360742
48850754,446216
58382701,850602
67682869,864446
48858722,368368
48858811,467994
48721245,670447
48850853,498633
111705587,384600
62922567,370309
111705129,378275
49018063,335387
111705336,323582
111705869,429262
117644527,411714
49018119,341162
49018047,364280
63336562,374087
48984739,289988
48975502,288490
58385264,403132
121902379,286459
49118779,332845
121902848,309640
49038673,339558
121901730,277210
121903066,342342
48975232,300427
96672143,440220
48750994,406567
48862432,289975
48856543,314016
48931192,199656
48694840,247201
48931200,215033
48931195,189356
48786890,505134
60963858,217210
48778391,575058
48750751,396155
48828778,509286
48816392,230473
48810754,300181
48810764,319069
48872054,345996
48825994,259144
48961359,406970
48962252,211827
48668146,213401
48816373,269819
49019935,408631
48796573,233455
48796534,183452
48692947,305805
48796744,243674
48766502,168559
48747892,208060
48747940,215718
54831357,382925
48791789,253778
54477652,283121
48791749,263461
49053866,239651
48888451,244636
48796750,136062
48791773,286132
48838608,226238
48791590,191405
48976465,216335
49081273,231029
48791617,377498
48688369,191681
48872633,440217
48829410,431684
48836859,566887
48841587,477920
48852154,405718
48653913,443730
48977815,478161
48760229,249880
48712606,541413
48974474,233561
48974481,278325
72496544,422153
48841123,348703
48884513,273830
48800865,297491
72495578,363637
48805642,214397
72498709,357051
72497881,329665
49023577,443255
49023565,433872
72500716,362380
49023615,450568
49023670,442559
72095984,333407
49023709,439275
48685771,370954
49114138,503550
48763399,341292
48654160,466459
58384964,566905
80117051,360361
48971790,346875
59208291,356796
59987106,334557
60963799,353620
80119061,366703
48971756,355465
58658547,372330
48930713,344104
48930695,303961
49105629,841747
70579022,398392
72498092,403639
67683962,413428
48805994,344908
72500634,404286
62944512,381515
63335531,424022
96677737,408145
96702307,406220
63264109,360658
96649265,377023
84758329,371750
84758028,374559
65228165,439999
89821955,375341
61956147,391452
48791094,311836
96658764,401268
62923326,352701
63068212,360910
48775363,313459
62944315,406977
60971722,370663
48985666,599254
96695000,646457
49115800,350719
48751038,604248
49007250,316253
49007208,313882
49115802,336784
49046173,301007
49007287,310002
48775304,320991
48834878,563291
92337076,500731
49055941,272791
48964894,328944
62943952,356769
70577895,644783
48937844,366515
53607737,393838
48937828,419987
48965420,501470
48786201,217331
48965739,323638
48786197,211150
48777421,319451
48964779,292635
48851136,359478
48965231,406432
70584344,464201
70584328,473333
48965342,418130
48965492,497231
49000678,325181
48964702,284807
60973132,328827
60963986,344454
48964511,317582
63510126,392321
60973078,392925
88017229,372126
62944133,365655
48763501,360846
58388045,323422
49055699,329623
48764948,233547
48764885,277619
60963875,388057
48767294,336138
80259597,342205
72500228,387490
48870166,263234
82365933,323228
111705632,363527
49081545,315021
48758924,276848
48718171,301787
48816729,326700
54574337,346222
48805913,230465
48816623,353537
49081373,302753
49081433,247269
48808577,261540
48808581,288130
111705857,375135
62922755,360652
62923328,320745
48964266,317445
62755008,321117
48964495,282775
49133440,332829
70579432,364422
48944754,249958
48764785,373133
49053140,349724
84762192,727952
48792325,398039
48854198,317187
48854173,312149
49036577,386927
48703719,373760
48952224,338078
48792385,351359
48854152,317365
68479612,523451
48703745,386419
48703602,376276
49026379,366552
49026537,405908
48703519,403491
96660418,723032
49026770,491352
49026628,370151
49026665,295066
48703569,392819
48703646,413444
48703731,407570
96670587,614540
48686835,367859
48661804,335708
49037431,325409
49085125,747634
48916158,423507
48736270,319863
48736230,314036
48767642,622340
49026989,339959
48915349,700023
48802977,365689
61797110,441473
48802972,430334
49053539,455522
54831219,1612373
48947949,333000
48909322,465145
48719112,567114
48803340,354067
48802825,328124
48802224,356375
48803442,433133
48803042,377294
48802288,396316
48802326,438900
48801579,364497
49106307,359776
48791447,394397
49106398,398551
65228661,365306
58391453,416523
48802940,367232
63079380,372132
61089636,570224
60082677,431461
63068416,396155
48723485,338772
48803149,307048
48723648,433269
48803245,390011
48802170,435181
48723537,385639
48723844,318668
48802144,329653
48801524,559022
48723795,332658
48723750,362788
48801525,438000
48723864,325106
48801287,381287
48801452,510731
48801352,388474
48801357,347655
48728474,390947
48728556,407179
48728266,331026
48861745,303795
48666476,566744
48852745,414376
48670275,354468
96696720,725284
48821140,629532
48792421,832541
48700160,446968
48777131,333423
48743195,661631
48743247,791563
48777134,602556
48707135,518527
48713074,474829
48948388,405082
48707070,575852
48654319,494561
48654307,491235
48654340,344729
48729548,735084
48948953,511910
48937719,346314
49093671,276492
49093934,219506
48841562,356401
48927126,315641
49093275,218667
48927089,278819
48835733,255946
112899089,317090
112899444,266839
49093444,195963
49093417,209842
49093180,175570
48835798,216000
112897157,296180
48759142,225608
48759106,247328
48759352,281808
49093575,223164
49093523,221233
49093498,210077
49093622,194022
48688413,318699
49093849,241123
48758949,259105
48758977,269677
49093778,243695
48759018,313281
49092601,331997
49092625,297434
80118375,342243
49137640,347775
49038839,342973
48875444,294772
80123803,300214
49038852,358635
48786645,345791
95285900,344033
48786629,284301
70583556,338578
89210496,407246
48907733,428255
48884690,457038
49137846,502842
48907810,433859
48831537,309435
96671561,358609
49137713,353691
48746073,756917
48836841,532458
48661943,409234
48778829,391412
48810050,392503
48836843,332789
49055815,275173
48733374,359676
49133135,282305
49133139,302973
48948266,297826
48948256,285501
96707941,476237
48733405,359979
48733266,397268
48733307,364020
48741648,296669
48741836,319591
48741503,271731
48741227,271519
48741811,297329
48741816,289846
48741989,309950
48741420,271176
48741340,289661
48741887,305278
48741980,362410
67705206,304569
54831563,472110
60972776,426028
70584404,390995
70584408,411504
48909725,492883
70584420,388991
96710901,368989
96669732,298634
48792193,383011
49133091,383422
48811689,544667
48685135,375459
55725992,324636
112898754,371819
48922152,358972
70582444,348837
48821010,377332
48922151,287762
48909810,401652
63562707,329904
48909777,418699
48922032,427243
58276664,358021
48921850,418486
49132276,349183
49132296,326822
48921961,437104
49132373,291152
49132330,324012
48922003,330446
49132401,302126
48921853,385327
48968641,542502
48815926,764209
48968507,591675
48787622,752595
48729975,517488
48968586,627109
48968814,668538
48968589,524930
48729880,658816
48852915,1623941
48797738,791700
48666874,525377
48666871,522955
96702554,594417
48968351,579550
48806370,345326
48968524,935821
48968320,810157
48968787,610466
48968739,617590
48968423,889973
48955440,490036
48829654,609382
49142785,534357
49142751,643673
48718657,707854
48813804,693637
48813836,742422
48691384,868006
48691398,1096180
49031141,530082
49133828,397641
49133837,613932
49133870,446798
48974748,440966
70582493,1352730
48706318,536204
48670824,1130310
122963276,898156
58758611,935047
63335621,1086050
48788971,515073
84761627,1017379
49044076,517489
48969412,761444
48727346,801083
48727359,816446
48969402,770416
48664534,814986
122183192,907913
48796210,841158
122183455,862910
48881518,434261
96656871,870075
49004274,777756
49007115,686707
48676841,584353
54829146,732328
48977840,888510
49004515,1565553
80260373,963475
49007103,559131
49007051,767764
49006929,473395
89208145,779498
48996493,603283
70583759,1214128
48996554,691804
48996546,552443
48996566,647239
70583756,1085945
117747788,911387
58384675,928401
58384649,1136790
58384623,766757
48858003,928840
48663844,429206
48829741,436882
48752236,443459
63133422,741098
70582296,782743
65226448,725708
65227397,546526
70582279,790239
61766572,674497
70582335,994500
66650727,684241
54830207,826752
72498321,688044
48886415,741670
48792653,1833405
48787756,622165
48886333,562001
96665063,588647
48792657,1234821
70582386,828668
72499960,615358
48700873,748412
48808685,718212
49092881,740589
48665225,847654
48665187,699521
48700870,802505
49083074,817174
48700782,620390
48700842,587020
48904391,574196
48904743,586002
48904360,630328
48904425,609255
48904164,587958
48827989,826013
48904136,501341
49078872,594511
49078832,648276
48903940,607952
49096224,465757
48904484,696788
49111806,498858
48904555,605141
48904616,645902
49016269,806419
48709428,692924
48709538,661115
48903581,603443
48903840,670161
49080003,674671
48879087,612237
48903843,583518
48905145,477127
48904684,573126
48904296,509378
48905059,476804
49082199,527959
49082181,507495
48681699,815896
48681709,824129
58381068,728993
48856822,800436
48856801,702177
49091711,725003
48856800,878545
49097384,881938
48856892,898237
48856853,733507
48856882,810498
49097400,758609
49097231,796373
48856770,728448
60973324,885649
48873500,708285
124439566,928949
96658644,876636
49113279,755408
60963569,748472
60971851,732814
60971833,734583
60971831,771158
49096712,679315
96654394,999875
49113213,766947
49091297,497009
48681836,765765
54830830,620342
48681861,784694
48681825,864773
80126087,1169131
48681869,811951
48681912,812755
49023996,530049
49091330,625945
49024043,623162
49113218,695891
49113210,736139
50883242,654474
60972322,657027
60205899,678996
61766786,628209
67683141,979840
48667153,547952
48667159,481805
48660076,510774
63073842,714111
67683255,593343
63008821,745645
49097634,798820
63255494,659506
84757583,851488
48807228,618431
48720098,869488
48807198,923778
49086871,833232
60973375,748792
60973385,739911
61767180,830978
58380418,1901601
61767173,1130846
48763666,1247186
48792840,761511
48792843,958859
67683287,779303
48846987,1020622
62922875,724641
49023004,671481
49023156,579419
49023051,598398
49023197,581476
49023251,562957
49130744,595832
48755418,592530
49023215,579856
48676272,1263167
49023232,754514
48755434,462444
48756095,465911
48756055,429532
49130763,656378
49130766,617073
48655816,361767
48756266,784108
48655814,666760
48709672,1079327
48756517,509635
48756497,418662
48756540,610074
48756511,493292
48756691,483904
48756433,550136
48756443,434026
48756696,487782
48756581,450190
48756341,704958
49106300,734976
48701696,460165
48701649,628472
48667554,454108
48667470,643317
48667476,666653
48692145,554758
48755402,370033
48687569,459610
48692153,366742
48747724,649990
48696510,432188
48932360,789099
48696524,537471
89822109,699510
49137571,649831
48696586,512317
48747348,1322934
48702118,740306
49046336,792696
48747499,576273
48740422,617741
49046331,1051335
48839316,1697944
122064811,709903
122064895,601895
48839313,1647733
48691951,619959
48894405,687661
48894412,682769
63095083,734509
55791589,622746
48792715,733501
48707772,736328
48707744,965824
48658738,745355
48878819,690674
48762029,464548
48878822,1578844
49013936,827798
48775243,542561
49013952,621242
48658633,499547
48740173,768812
48731558,477772
48850896,507950
49027427,1675323
48731651,535131
48850892,525541
52391251,1574966
48856419,942081
49094276,595816
49094539,682278
49094372,689271
49094248,746655
49094389,614118
67682299,941710
49094800,1095615
48881480,659837
49043818,697478
48881468,629495
49043843,990558
49043876,903969
49087392,2759764
54831293,1440638
49094726,787910
54831284,839231
49039546,567839
49039612,755201
49040207,584842
49039503,881568
49039446,787952
48844098,716064
49039807,917905
48844238,716451
48831874,557499
48844108,747468
49040025,876548
48770630,482501
48770703,524143
48770674,651342
48882487,567831
48715538,1001496
49040354,536348
48715528,634733
48934350,440582
48862112,645047
48844165,848548
48844203,745794
48831908,538438
49040290,588186
48881796,632335
49040296,638052
60972031,759249
58382116,750007
49008717,399152
48706655,1069046
48706689,820481
48788204,1051229
49079228,625083
49078903,486193
49079203,672067
49078649,691095
49078553,607967
49079068,668922
48997503,552502
49078556,719525
48997526,491243
48665669,662066
48744735,647548
48769562,736273
63337025,683232
48821595,592166
48744667,725790
58390948,660739
48856719,489499
49023400,578038
49145073,454056
49023488,455836
49139251,432836
49023481,498034
49139247,432586
60972063,396759
60113707,396822
48655863,475611
48660643,569612
49036105,613600
48723194,894525
48724527,817114
48714081,539323
48714050,534301
48871828,602591
48708502,1105155
48828525,614253
48915616,651766
48871764,616392
48707928,546052
48807683,878244
49083884,636028
49083893,732773
48807732,939415
48927510,872116
48804003,1086921
48803915,763663
48838711,1045962
122181991,932207
62944709,753441
65222230,1025398
108819348,576621
84760282,786755
96665072,1033665
62944710,756383
117642447,891881
49083333,890078
49083336,1007099
68474769,724086
65228117,757439
48972116,1342467
48730940,807334
48768743,986642
48768656,1056085
48708708,679640
48708712,707251
48798802,791812
48871516,567076
49083243,493677
48758647,566365
48974268,896864
58380355,637787
58276693,806379
68476312,912630
58383972,833743
48966251,471216
48649613,696818
48650083,542329
48966277,591935
49020728,446257
49020788,511946
49020421,540508
49020476,573816
63255218,740333
80114927,859673
49020428,439057
80260784,685549
84756944,704100
48649619,671592
48783547,659279
49020043,676608
49136136,619791
49015992,544245
48657709,449506
49020578,585195
49136134,546324
48676307,576505
48737084,554773
48737901,525463
49107305,550780
49107271,429533
49107243,490364
49020127,476278
48869961,445320
49107444,377621
49107437,537061
48667811,777690
48856350,762047
48737936,619557
48938223,792203
48938219,791706
48680749,972169
48680689,974021
48680766,1113074
48749259,835759
48680683,976219
48780139,3034531
48680605,801382
48680597,783226
48680617,1166268
48916808,1152093
48715887,750838
80116741,1035985
48763711,839684
68481171,727357
80113880,597458
63563143,725978
62944967,589633
68478151,484927
63339390,823983
63068400,675322
60973308,788063
96669417,745707
63563183,689642
63339405,593666
68481155,590449
60322880,615390
61950392,725468
63216288,687506
80122530,548378
48681347,518899
49077836,608155
48862323,740979
48851424,1391643
49053389,1643323
49040620,752426
48724460,634328
48878846,723464
48878888,800207
48886526,850819
63039719,668715
63562960,490227
60052030,716960
63232725,685874
60962883,709278
117647505,699497
84758528,466805
96703092,523461
63338132,804668
89823462,816503
84755927,910063
89729572,664418
58388317,740344
54830796,708792
49089510,554689
84760995,487046
48742915,393946
48780818,370982
48838229,574163
48931769,518981
48780539,326757
48931800,529641
48931776,473521
60971553,474945
49089558,538598
80110566,460580
54485467,392557
54274988,387944
48780589,390531
96648248,547221
55101725,403866
49089495,573232
48780642,476625
58381879,415011
48780678,375348
58381876,412383
48876717,445011
48821892,414807
48780187,640660
48780195,598527
48780290,579202
48838240,746074
48780199,402060
48830193,627653
92571276,567276
48858256,478510
96680189,432221
58758621,417644
48780883,469289
48689791,463587
48780903,550890
48720956,492521
95285886,424059
48689761,503189
49003260,451421
58386535,497645
58386537,497201
49003256,375362
49003279,536699
124435726,650270
96688470,526322
48915966,440127
48915676,384573
48915994,458425
48915827,348983
48853745,783244
66648703,844672
48792955,604761
48821923,284487
48853309,764717
48837813,693056
48853296,662787
70583480,1365150
48792859,405375
48842540,902276
122715060,378353
49095471,288229
49095330,365042
49087195,582346
49087142,455734
49087223,518626
48809947,398110
48697195,471310
48747094,739768
48761849,361051
49039200,647476
96694338,578580
63139549,448059
63068347,390501
61767615,490433
84755575,649979
84760802,503155
61767587,541930
61767574,486419
61767592,490633
63083413,539728
61767575,415270
89823619,450929
96683072,710324
61428988,491295
48787823,498713
96654251,551180
96675821,610951
118558065,534977
111705740,579834
49061810,477966
55084569,521122
50883339,539461
54831084,831011
111705387,711600
88874636,550920
118556753,630844
96703672,646657
118556972,644259
54831076,528591
60556517,453091
49061600,585142
54831173,528786
61719424,666316
58389203,514977
70584135,467270
49907417,565719
60973034,454263
63128520,574363
66650860,761156
63139551,617274
70579163,918816
54831060,855689
70582620,603722
51406982,877785
70579090,644723
63082153,666138
65227586,613562
49061625,604347
65227581,675159
49061384,968428
49061663,546930
63338626,676011
70582614,609895
63150005,778607
49061585,609416
70579087,690763
60973053,781007
48815412,467609
48815504,543213
48815435,452196
48815437,522253
48815337,547093
48815403,489580
49105371,752612
49132640,305220
49132759,365539
49105367,875206
84755546,1201607
49132823,342389
70578371,861076
70578370,718688
48736071,399424
49032287,370759
48736101,452250
49032485,295482
49032172,291662
49032427,263913
49032166,292027
49032520,286182
49032491,308868
48806549,398289
48729709,432776
48806510,569205
48837498,362951
48806555,582143
49132472,381860
49132692,393964
49132541,318835
49132543,368765
49061339,363888
49057819,368911
48889133,513347
48846953,421219
48885310,416920
49061222,342039
48852955,522021
48739495,356197
48739488,489143
48739578,418714
49056839,492685
49053768,348791
49077440,390873
48688680,445520
49056964,507929
49056849,468434
49077483,386435
49056786,446643
119906767,524902
49056929,453704
48670592,1482440
49057515,414579
48667021,520284
88019788,711908
49089624,300912
48739601,405112
49061033,431065
48798048,361899
48829788,357797
48817531,351796
48713529,432190
48700586,698086
48730046,438960
48722583,784111
49032850,505263
48686915,475228
49032881,473164
49034257,280104
49101515,113769
49092758,136959
49034232,301815
49092730,613715
